Customer_ID,Segment
CUST01001,STORE
CUST01002,STORE
CUST01003,STORE
CUST01004,STORE
CUST01005,STORE
CUST01006,STORE
CUST01007,STORE
CUST01008,STORE
CUST01009,STORE
CUST01010,STORE
CUST01011,STORE
CUST01012,STORE
CUST01013,STORE
CUST01014,STORE
CUST01015,STORE
CUST01016,STORE
CUST01017,STORE
CUST01018,STORE
CUST01019,STORE
CUST01020,STORE
CUST01021,STORE
CUST01022,STORE
CUST01023,STORE
CUST01024,STORE
CUST01025,STORE
CUST01026,INDIVIDUAL
CUST01027,INDIVIDUAL
CUST01028,STORE
CUST01029,INDIVIDUAL
CUST01030,INDIVIDUAL
CUST01031,INDIVIDUAL
CUST01032,INDIVIDUAL
CUST01033,INDIVIDUAL
CUST01034,INDIVIDUAL
CUST01035,INDIVIDUAL
CUST01036,STORE
CUST01037,INDIVIDUAL
CUST01038,INDIVIDUAL
CUST01039,INDIVIDUAL
CUST01040,INDIVIDUAL
CUST01041,INDIVIDUAL
CUST01042,INDIVIDUAL
CUST01043,INDIVIDUAL
CUST01044,INDIVIDUAL
CUST01045,INDIVIDUAL
CUST01046,INDIVIDUAL
CUST01047,INDIVIDUAL
CUST01048,INDIVIDUAL
CUST01049,INDIVIDUAL
CUST01050,INDIVIDUAL
CUST01051,INDIVIDUAL
CUST01052,INDIVIDUAL
CUST01053,INDIVIDUAL
CUST01054,INDIVIDUAL
CUST01055,INDIVIDUAL
CUST01056,INDIVIDUAL
CUST01057,INDIVIDUAL
CUST01058,INDIVIDUAL
CUST01059,INDIVIDUAL
CUST01060,INDIVIDUAL
CUST01061,INDIVIDUAL
CUST01062,INDIVIDUAL
CUST01063,INDIVIDUAL
CUST01064,INDIVIDUAL
CUST01065,INDIVIDUAL
CUST01066,INDIVIDUAL
CUST01067,INDIVIDUAL
CUST01068,INDIVIDUAL
CUST01069,INDIVIDUAL
CUST01070,INDIVIDUAL
CUST01071,INDIVIDUAL
CUST01072,INDIVIDUAL
CUST01073,INDIVIDUAL
CUST01074,INDIVIDUAL
CUST01075,INDIVIDUAL
CUST01076,INDIVIDUAL
CUST01077,INDIVIDUAL
CUST01078,INDIVIDUAL
CUST01079,INDIVIDUAL
CUST01080,INDIVIDUAL
CUST01081,INDIVIDUAL
CUST01082,INDIVIDUAL
CUST01083,INDIVIDUAL
CUST01084,INDIVIDUAL
CUST01085,INDIVIDUAL
CUST01086,INDIVIDUAL
CUST01087,INDIVIDUAL
CUST01088,INDIVIDUAL
CUST01089,INDIVIDUAL
CUST01090,INDIVIDUAL
CUST01091,INDIVIDUAL
CUST01092,INDIVIDUAL
CUST01093,INDIVIDUAL
CUST01094,INDIVIDUAL
CUST01095,INDIVIDUAL
CUST01096,INDIVIDUAL
CUST01097,INDIVIDUAL
CUST01098,INDIVIDUAL
CUST01099,INDIVIDUAL
CUST01100,INDIVIDUAL
CUST01101,INDIVIDUAL
CUST01102,INDIVIDUAL
CUST01103,INDIVIDUAL
CUST01104,INDIVIDUAL
CUST01105,INDIVIDUAL
CUST01106,INDIVIDUAL
CUST01107,INDIVIDUAL
CUST01108,INDIVIDUAL
CUST01109,INDIVIDUAL
CUST01110,INDIVIDUAL
CUST01111,INDIVIDUAL
CUST01112,INDIVIDUAL
CUST01113,INDIVIDUAL
CUST01114,INDIVIDUAL
CUST01115,INDIVIDUAL
CUST01116,INDIVIDUAL
CUST01117,INDIVIDUAL
CUST01118,INDIVIDUAL
CUST01119,INDIVIDUAL
CUST01120,INDIVIDUAL
CUST01121,INDIVIDUAL
CUST01122,INDIVIDUAL
CUST01123,INDIVIDUAL
CUST01124,INDIVIDUAL
CUST01125,INDIVIDUAL
CUST01126,INDIVIDUAL
CUST01127,INDIVIDUAL
CUST01128,INDIVIDUAL
CUST01130,INDIVIDUAL
CUST01131,INDIVIDUAL
CUST01132,INDIVIDUAL
CUST01133,INDIVIDUAL
CUST01134,INDIVIDUAL
CUST01135,INDIVIDUAL
CUST01136,INDIVIDUAL
CUST01137,INDIVIDUAL
CUST01138,INDIVIDUAL
CUST01139,INDIVIDUAL
CUST01140,INDIVIDUAL
CUST01141,INDIVIDUAL
CUST01144,INDIVIDUAL
CUST01147,INDIVIDUAL
CUST01148,INDIVIDUAL
CUST01149,INDIVIDUAL
CUST01151,INDIVIDUAL
CUST01152,INDIVIDUAL
CUST01153,INDIVIDUAL
CUST01154,INDIVIDUAL
CUST01155,INDIVIDUAL
CUST01156,INDIVIDUAL
CUST01157,INDIVIDUAL
CUST01158,INDIVIDUAL
CUST01159,INDIVIDUAL
CUST01160,INDIVIDUAL
CUST01161,INDIVIDUAL
CUST01162,INDIVIDUAL
CUST01163,INDIVIDUAL
CUST01164,INDIVIDUAL
CUST01166,INDIVIDUAL
CUST01167,INDIVIDUAL
CUST01168,INDIVIDUAL
CUST01170,INDIVIDUAL
CUST01171,INDIVIDUAL
CUST01172,INDIVIDUAL
CUST01173,INDIVIDUAL
CUST01174,INDIVIDUAL
CUST01175,INDIVIDUAL
CUST01180,INDIVIDUAL
CUST01181,INDIVIDUAL
CUST01182,INDIVIDUAL
CUST01183,INDIVIDUAL
CUST01184,INDIVIDUAL
CUST01185,INDIVIDUAL
CUST01186,INDIVIDUAL
CUST01187,INDIVIDUAL
CUST01188,INDIVIDUAL
CUST01189,INDIVIDUAL
CUST01190,INDIVIDUAL
CUST01191,INDIVIDUAL
CUST01192,INDIVIDUAL
CUST01194,INDIVIDUAL
CUST01195,INDIVIDUAL
CUST01196,INDIVIDUAL
CUST01197,INDIVIDUAL
CUST01199,INDIVIDUAL
CUST01200,INDIVIDUAL
CUST01202,INDIVIDUAL
CUST01203,INDIVIDUAL
CUST01204,INDIVIDUAL
CUST01206,INDIVIDUAL
CUST01207,INDIVIDUAL
CUST01208,INDIVIDUAL
CUST01209,INDIVIDUAL
CUST01210,INDIVIDUAL
CUST01211,INDIVIDUAL
CUST01214,INDIVIDUAL
CUST01216,INDIVIDUAL
CUST01217,INDIVIDUAL
CUST01218,INDIVIDUAL
CUST01220,INDIVIDUAL
CUST01221,INDIVIDUAL
CUST01222,INDIVIDUAL
CUST01224,INDIVIDUAL
CUST01229,INDIVIDUAL
CUST01232,INDIVIDUAL
CUST01233,INDIVIDUAL
CUST01234,INDIVIDUAL
CUST01235,INDIVIDUAL
CUST01236,INDIVIDUAL
CUST01237,INDIVIDUAL
CUST01238,INDIVIDUAL
CUST01239,INDIVIDUAL
CUST01244,INDIVIDUAL
CUST01245,INDIVIDUAL
CUST01246,INDIVIDUAL
CUST01247,INDIVIDUAL
CUST01248,INDIVIDUAL
CUST01249,INDIVIDUAL
CUST01254,INDIVIDUAL
CUST01255,INDIVIDUAL
CUST01260,INDIVIDUAL
CUST01261,INDIVIDUAL
CUST01263,INDIVIDUAL
CUST01266,INDIVIDUAL
CUST01269,INDIVIDUAL
CUST01271,INDIVIDUAL
CUST01272,INDIVIDUAL
CUST01277,INDIVIDUAL
CUST01278,INDIVIDUAL
CUST01279,INDIVIDUAL
CUST01280,INDIVIDUAL
CUST01282,INDIVIDUAL
CUST01283,INDIVIDUAL
CUST01285,INDIVIDUAL
CUST01286,INDIVIDUAL
CUST01288,INDIVIDUAL
CUST01290,INDIVIDUAL
CUST01297,INDIVIDUAL
CUST01298,INDIVIDUAL
CUST01299,INDIVIDUAL
CUST01300,INDIVIDUAL
CUST01302,INDIVIDUAL
CUST01305,INDIVIDUAL
CUST01306,INDIVIDUAL
CUST01310,INDIVIDUAL
CUST01312,INDIVIDUAL
CUST01316,INDIVIDUAL
CUST01320,INDIVIDUAL
CUST01322,INDIVIDUAL
CUST01323,INDIVIDUAL
CUST01324,INDIVIDUAL
CUST01329,INDIVIDUAL
CUST01331,INDIVIDUAL
CUST01333,INDIVIDUAL
CUST01335,INDIVIDUAL
CUST01337,INDIVIDUAL
CUST01343,INDIVIDUAL
CUST01345,INDIVIDUAL
CUST01349,INDIVIDUAL
CUST01350,INDIVIDUAL
CUST01355,INDIVIDUAL
CUST01356,INDIVIDUAL
CUST01357,INDIVIDUAL
CUST01360,INDIVIDUAL
CUST01361,INDIVIDUAL
CUST01363,INDIVIDUAL
CUST01364,INDIVIDUAL
CUST01367,INDIVIDUAL
CUST01368,INDIVIDUAL
CUST01369,INDIVIDUAL
CUST01373,INDIVIDUAL
CUST01375,INDIVIDUAL
CUST01377,INDIVIDUAL
CUST01378,INDIVIDUAL
CUST01379,INDIVIDUAL
CUST01380,INDIVIDUAL
CUST01381,INDIVIDUAL
CUST01382,INDIVIDUAL
CUST01383,INDIVIDUAL
CUST01384,INDIVIDUAL
CUST01385,INDIVIDUAL
CUST01387,INDIVIDUAL
CUST01389,INDIVIDUAL
CUST01392,INDIVIDUAL
CUST01394,INDIVIDUAL
CUST01398,INDIVIDUAL
CUST01400,INDIVIDUAL
CUST01401,INDIVIDUAL
CUST01405,INDIVIDUAL
CUST01406,INDIVIDUAL
CUST01408,INDIVIDUAL
CUST01409,INDIVIDUAL
CUST01410,INDIVIDUAL
CUST01411,INDIVIDUAL
CUST01412,INDIVIDUAL
CUST01413,INDIVIDUAL
CUST01414,INDIVIDUAL
CUST01415,INDIVIDUAL
CUST01416,INDIVIDUAL
CUST01417,INDIVIDUAL
CUST01418,INDIVIDUAL
CUST01422,INDIVIDUAL
CUST01424,INDIVIDUAL
CUST01426,INDIVIDUAL
CUST01430,INDIVIDUAL
CUST01431,INDIVIDUAL
CUST01433,INDIVIDUAL
CUST01434,INDIVIDUAL
CUST01437,INDIVIDUAL
CUST01440,INDIVIDUAL
CUST01441,INDIVIDUAL
CUST01447,INDIVIDUAL
CUST01449,INDIVIDUAL
CUST01458,INDIVIDUAL
CUST01459,INDIVIDUAL
CUST01460,INDIVIDUAL
CUST01461,INDIVIDUAL
CUST01464,INDIVIDUAL
CUST01478,INDIVIDUAL
CUST01479,INDIVIDUAL
CUST01480,INDIVIDUAL
CUST01482,INDIVIDUAL
CUST01483,INDIVIDUAL
CUST01492,INDIVIDUAL
CUST01493,INDIVIDUAL
CUST01496,INDIVIDUAL
CUST01498,INDIVIDUAL
CUST01500,INDIVIDUAL
CUST01501,INDIVIDUAL
CUST01504,INDIVIDUAL
CUST01505,INDIVIDUAL
CUST01507,INDIVIDUAL
CUST01508,INDIVIDUAL
CUST01511,INDIVIDUAL
CUST01513,INDIVIDUAL
CUST01514,INDIVIDUAL
CUST01516,INDIVIDUAL
CUST01521,INDIVIDUAL
CUST01522,INDIVIDUAL
CUST01524,INDIVIDUAL
CUST01525,INDIVIDUAL
CUST01529,INDIVIDUAL
CUST01530,INDIVIDUAL
CUST01531,INDIVIDUAL
CUST01534,INDIVIDUAL
CUST01538,INDIVIDUAL
CUST01540,INDIVIDUAL
CUST01544,INDIVIDUAL
CUST01548,INDIVIDUAL
CUST01549,INDIVIDUAL
CUST01550,INDIVIDUAL
CUST01559,INDIVIDUAL
CUST01560,INDIVIDUAL
CUST01566,INDIVIDUAL
CUST01569,INDIVIDUAL
CUST01575,INDIVIDUAL
CUST01580,INDIVIDUAL
CUST01589,INDIVIDUAL
CUST01591,INDIVIDUAL
CUST01593,INDIVIDUAL
CUST01595,INDIVIDUAL
CUST01596,INDIVIDUAL
CUST01597,INDIVIDUAL
CUST01598,INDIVIDUAL
CUST01599,INDIVIDUAL
CUST01600,INDIVIDUAL
CUST01605,INDIVIDUAL
CUST01607,INDIVIDUAL
CUST01613,INDIVIDUAL
CUST01615,INDIVIDUAL
CUST01616,INDIVIDUAL
CUST01621,INDIVIDUAL
CUST01623,INDIVIDUAL
CUST01625,INDIVIDUAL
CUST01626,INDIVIDUAL
CUST01646,INDIVIDUAL
CUST01648,INDIVIDUAL
CUST01650,INDIVIDUAL
CUST01660,INDIVIDUAL
CUST01661,INDIVIDUAL
CUST01663,INDIVIDUAL
CUST01668,INDIVIDUAL
CUST01671,INDIVIDUAL
CUST01674,INDIVIDUAL
CUST01681,INDIVIDUAL
CUST01690,INDIVIDUAL
CUST01691,INDIVIDUAL
CUST01698,INDIVIDUAL
CUST01699,INDIVIDUAL
CUST01702,INDIVIDUAL
CUST01703,INDIVIDUAL
CUST01705,INDIVIDUAL
CUST01723,INDIVIDUAL
CUST01725,INDIVIDUAL
CUST01728,INDIVIDUAL
CUST01736,INDIVIDUAL
CUST01745,INDIVIDUAL
CUST01746,INDIVIDUAL
CUST01748,INDIVIDUAL
CUST01751,INDIVIDUAL
CUST01752,INDIVIDUAL
CUST01758,INDIVIDUAL
CUST01760,INDIVIDUAL
CUST01772,INDIVIDUAL
CUST01774,INDIVIDUAL
CUST01779,INDIVIDUAL
CUST01789,INDIVIDUAL
CUST01795,INDIVIDUAL
CUST01796,INDIVIDUAL
CUST01802,INDIVIDUAL
CUST01808,INDIVIDUAL
CUST01814,INDIVIDUAL
CUST01821,INDIVIDUAL
CUST01824,INDIVIDUAL
CUST01834,INDIVIDUAL
CUST01836,INDIVIDUAL
CUST01841,INDIVIDUAL
CUST01846,INDIVIDUAL
CUST01851,INDIVIDUAL
CUST01863,INDIVIDUAL
CUST01869,INDIVIDUAL
CUST01886,INDIVIDUAL
CUST01889,INDIVIDUAL
CUST01890,INDIVIDUAL
CUST01896,INDIVIDUAL
CUST01899,INDIVIDUAL
CUST01901,INDIVIDUAL
CUST01908,INDIVIDUAL
CUST01909,INDIVIDUAL
CUST01913,INDIVIDUAL
CUST01914,INDIVIDUAL
CUST01915,INDIVIDUAL
CUST01924,INDIVIDUAL
CUST01932,INDIVIDUAL
CUST01935,INDIVIDUAL
CUST01942,INDIVIDUAL
CUST01946,INDIVIDUAL
CUST01949,INDIVIDUAL
CUST01955,INDIVIDUAL
CUST01956,INDIVIDUAL
CUST01959,INDIVIDUAL
CUST01961,INDIVIDUAL
CUST01963,INDIVIDUAL
CUST01973,INDIVIDUAL
CUST01974,INDIVIDUAL
CUST01977,INDIVIDUAL
CUST01982,INDIVIDUAL
CUST01984,INDIVIDUAL
CUST01994,INDIVIDUAL
